{"cameraMode":{"drawMode":0,"name":"Shaded","section":"Shading Mode"},"sceneLighting":false,"audioPlay":false,"sceneViewState":{"showFog":true,"showMaterialUpdate":false,"showSkybox":true,"showFlares":true,"showImageEffects":true,"showParticleSystems":true},"in2DMode":false,"pivot":{"x":2.509981632232666,"y":1.0000001192092896,"z":0.1999097466468811},"rotation":{"x":-0.2630375921726227,"y":0.13319255411624909,"z":-0.03669139742851257,"w":-0.9548428058624268},"size":9.970036506652832,"orthographic":false}